ID,NAME,OWNER_NAME,STAGE_NAME,CLOSE_DATE,BOOKING_ARR_C,NON_COMMISSIONABLE_C,FISCAL_YEAR_QUARTER
006PC00000VfNvZYAV,杭州赫格信息技术 Whitzard | CX | NB (1),Janet Cheng,Lost,2026-08-01,1380.0,False,FY2027Q3
006PC00000WkkgYYAR,小呵电动科技（天津）有限公司 Renewal - meetonetrike - August 2026- Resell Auto Renewal  ON,Janet Cheng,08 - Closed,2026-08-01,0.0,True,FY2027Q3
006PC00000XF1qSYAT,Vivosun | EXP | Copilot (25),Janet Cheng,Lost,2026-08-01,15000.000230024214,False,FY2027Q3
0066R00000tDdBXQA0,"Beijing Meican Qiaoda Technology Co., Ltd. Renewal - Monthly- Auto Renewal  ON",Janet Cheng,Lost,2026-08-02,0.0,True,FY2027Q3
006PC00000XgBVYYA3,Siebre Resell | 深圳谱程未来科技 | CX | NB | Pro + Copilot (5),Janet Cheng,Lost,2026-08-03,6930.0,False,FY2027Q3
006PC00000byVrdYAE,Golden Horse | EXP | Suite Ent (+3),Janet Cheng,08 - Closed,2026-08-04,6084.0,False,FY2027Q3
006PC00000NUCWmYAP,小壹智能科技扬州有限公司 Renewal - elspethelp - August 2026- Resell Auto Renewal  ON,Janet Cheng,08 - Closed,2026-08-05,0.0,True,FY2027Q3
006PC00000NCj5mYAD,小壹智能科技扬州有限公司 Renewal - elspethelp - August 2026- Resell Auto Renewal  ON,Janet Cheng,Omitted,2026-08-05,0.0,True,FY2027Q3
006PC00000UjZy1YAF,StarMerx | Service Only | Configuration Optimization Guidance,Janet Cheng,Lost,2026-08-05,0.0,True,FY2027Q3
006PC00000aiWE0YAM,香港芯時科技有限公司 Renewal - baldrelectronicrainpointonline - August 2026-  Auto Renewal  ON,Janet Cheng,08 - Closed,2026-08-05,-7452.0,True,FY2027Q3
006PC00000bpHEPYA2,Partner | JM Resell | 小呵电动科技 | new instance | Suite Pro (+2),Janet Cheng,08 - Closed,2026-08-05,1932.0,False,FY2027Q3
006PC00000NFCObYAP,Dymind 深圳帝迈生物 Renewal - dymind - August 2026- Resell Auto Renewal  ON,Janet Cheng,Omitted,2026-08-06,0.0,True,FY2027Q3
006PC00000cGfR7YAK,Partner | Siebre Resell | 浙江正特集团 Zhejiang Zhengte | Exp | Pro (+1),Janet Cheng,Lost,2026-08-10,966.0,False,FY2027Q3
006PC00000cOuMYYA0,Siebre Resell | Heibaidiao 杭州黑白调科技 | CX | Exp (+1),Janet Cheng,08 - Closed,2026-08-10,966.0,False,FY2027Q3
006PC00000cVm4iYAC,"StarMerx eCommerce Co., Ltd_深圳星商电子商务有限公司 - garvee - Expansion",Janet Cheng,08 - Closed,2026-08-12,12516.0,False,FY2027Q3
006PC00000cYvdvYAC,Yesoul Fitness Limited - yesoulfitness - Expansion,Janet Cheng,08 - Closed,2026-08-13,1200.0,False,FY2027Q3
006PC00000bmROnYAM,上海目荻电子商务 Moody Renewal - hallidayglobal236 - August 2026- Resell Auto Renewal  ON,Janet Cheng,08 - Closed,2026-08-15,0.0,True,FY2027Q3
006PC00000a2RsGYAU,ANYCUBIC_深圳市纵维立方科技有限公司 Renewal - anycubic-60235 - July 2026- Resell Auto Renewal  ON,Janet Cheng,02 - Confirm Need,2026-08-15,0.0,True,FY2027Q3
006PC00000NZBJVYA5,"Zhejiang Zhengte Co., Ltd. 浙江正特集团 Renewal - soraraoutdoorlivingusa - August 2026- Resell Auto Renewal  ON",Janet Cheng,08 - Closed,2026-08-15,8780.000000000002,False,FY2027Q3
006PC00000J2HdWYAV,"Shenzhen Hongzuo Network Technology Co., Ltd. Renewal - Monthly- Auto Renewal  ON  3",Janet Cheng,Lost,2026-08-16,0.0,True,FY2027Q3
006PC00000NbwvqYAB,深圳市信诚未来科技有限公司 Renewal - sz2k - August 2026- Resell Auto Renewal  ON,Janet Cheng,02 - Confirm Need,2026-08-16,0.0,True,FY2027Q3
006PC00000ZOLVPYA5,Partner | JM Resell | Bluevua | NB | Suite Pro (10),Janet Cheng,Lost,2026-08-17,9660.0,False,FY2027Q3
006PC00000cDSgYYAW,StarMerx | EXP | Suite Pro (+5),Janet Cheng,Lost,2026-08-17,0.0,False,FY2027Q3
006PC00000YVYWTYA5,Partner | JM Resell | Ryaon 雷鸟创新技术(深圳)有限公司 | CX | NB,Janet Cheng,Lost,2026-08-17,966.0,False,FY2027Q3
006PC00000aOyUXYA0,Partner | JM Resell | Bluevua | EXP | AIA,Janet Cheng,Lost,2026-08-17,4200.0,False,FY2027Q3
006PC00000aqMNvYAM,Thehues 杭州棠棠信息技术 Renewal - Monthly- Auto Renewal  ON  1,Janet Cheng,02 - Confirm Need,2026-08-18,0.0,True,FY2027Q3
006PC00000aiUwxYAE,香港芯時科技有限公司 Renewal - homedepot-63856 - August 2026-  Auto Renewal  ON,Janet Cheng,04 - Demonstrate Value,2026-08-18,0.0,True,FY2027Q3
0066R00000tDdAwQAK,Creative Biolabs Renewal - Monthly- Auto Renewal  ON,Janet Cheng,02 - Confirm Need,2026-08-21,0.0,True,FY2027Q3
006PC00000JpLCLYA3,Personal Renewal - Monthly- Auto Renewal  ON,Janet Cheng,02 - Confirm Need,2026-08-22,0.0,True,FY2027Q3
0066R00000uVviEQAS,"StarMerx eCommerce Co., Ltd_深圳星商电子商务有限公司 Renewal - Monthly- Auto Renewal  ON  1",Janet Cheng,02 - Confirm Need,2026-08-23,0.0,True,FY2027Q3
006PC00000DCHe3YAH,Puetz Golf / KITCHENMUH_深圳市贝加尔网络科技 Renewal - Monthly- Auto Renewal  ON  1,Janet Cheng,02 - Confirm Need,2026-08-25,0.0,True,FY2027Q3
006PC00000NvwtJYAR,Morningfast_深圳雷特网络科技有限公司 Renewal - August 2026- Auto Renewal  ON  4,Janet Cheng,02 - Confirm Need,2026-08-25,0.0,True,FY2027Q3
006PC00000ZpYWaYAN,Shanghai Nantang 上海南棠实业有限公司 Renewal - Monthly- Auto Renewal  ON,Janet Cheng,02 - Confirm Need,2026-08-25,0.0,True,FY2027Q3
006PC00000ZpW3PYAV,"Beijing Meican Qiaoda Technology Co., Ltd. Renewal - Monthly- Auto Renewal  ON  1",Janet Cheng,02 - Confirm Need,2026-08-25,0.0,True,FY2027Q3
006PC00000LnRatYAF,"Sweetnight Furniture Co.,Ltd Sweet Night 广东甜秘密寝具有限公司 Renewal - sweetnightcs - August 2026-  Auto Renewal  ON",Janet Cheng,06 - Contracting,2026-08-26,11480.16,False,FY2027Q3
006PC00000cVgWXYA0,Partner | JM Resell | FULL SCALE FULL SPEED | Exp (170),Janet Cheng,06 - Contracting,2026-08-26,29784.0,False,FY2027Q3
006PC00000PB1s2YAD,深圳市信诚未来科技有限公司 Renewal - iscooterglobal - October 2025-  Auto Renewal  ON,Janet Cheng,02 - Confirm Need,2026-08-27,0.0,True,FY2027Q3
0066R00000tFywwQAC,Sunthin Lighting Renewal - Monthly- Auto Renewal  ON,Janet Cheng,02 - Confirm Need,2026-08-28,0.0,True,FY2027Q3
006PC00000SAN9wYAH,"SHENZHEN RETEVIS TECHNOLOGY CO., LTD. Renewal - Monthly- Auto Renewal  ON  7",Janet Cheng,02 - Confirm Need,2026-08-28,0.0,True,FY2027Q3
0066R00000tDLa5QAG,东网电子商务_InfinityDress.com Renewal - Monthly- Auto Renewal  ON,Janet Cheng,02 - Confirm Need,2026-08-29,0.0,True,FY2027Q3
006PC00000O6shVYAR,FUFUGAGA 浙江天齐国际贸易集团 Renewal - fufugaga - August 2026- Resell Auto Renewal  ON,Janet Cheng,07 - Signed,2026-08-30,0.0,True,FY2027Q3
006PC00000N4yLPYAZ,Tilta 深圳铁头科技 Renewal - Monthly- Auto Renewal  ON,Janet Cheng,02 - Confirm Need,2026-08-30,0.0,True,FY2027Q3
006PC00000O6RpMYAV,深圳市伟鹏世纪科技有限公司 Renewal - oupes - August 2026- Resell Auto Renewal  ON,Janet Cheng,02 - Confirm Need,2026-08-30,0.0,True,FY2027Q3
006PC00000bpvQLYAY,Partner | Siebre Resell | DR GROUP COMPANY | Exp | Pro(+1),Janet Cheng,02 - Confirm Need,2026-08-31,966.0,False,FY2027Q3
006PC00000N7KphYAF,DellaHome Renewal - Monthly- Auto Renewal  ON,Janet Cheng,02 - Confirm Need,2026-08-31,0.0,True,FY2027Q3
006PC00000OELTPYA5,LDROBOT 深圳乐动机器人股份 Renewal - shenzhenldrobotcolimitedhelp - September 2026- Resell Auto Renewal  ON,Janet Cheng,Omitted,2026-09-01,0.0,True,FY2027Q3
006PC00000OBILbYAP,LDROBOT 深圳乐动机器人股份 Renewal - ldrobothelp - September 2026- Resell Auto Renewal  ON,Janet Cheng,02 - Confirm Need,2026-09-01,0.0,True,FY2027Q3
006PC00000ZBFyrYAH,绿联 | Exp | Suite Pro & Copilot - Add on,Janet Cheng,06 - Contracting,2026-09-01,75798.00128733265,False,FY2027Q3
0066R00000tmG5MQAU,WUBEN_盛祺照明科技有限公司 Renewal - Monthly- Auto Renewal  ON,Janet Cheng,02 - Confirm Need,2026-09-01,0.0,True,FY2027Q3
006PC00000XoR7eYAF,Partner | Bricom Resell | Willand (Beijing)Technology | Exp (Copilot),Janet Cheng,02 - Confirm Need,2026-09-01,20580.00172155477,False,FY2027Q3
0066R00000tFsARQA0,Wellco Industries Inc. Renewal - Monthly- Auto Renewal  ON,Janet Cheng,02 - Confirm Need,2026-09-01,0.0,True,FY2027Q3
006PC00000CSDmcYAH,闪闪比邻（深圳）科技有限公司 Renewal - lockinhelp - September 2025-  Auto Renewal  ON,Janet Cheng,02 - Confirm Need,2026-09-01,0.0,True,FY2027Q3
006PC00000WqSp1YAF,"Shenzhen Wonstron Elec. Co., Ltd Renewal - shenzhenchuangshi - May 2026-  Auto Renewal  ON",Janet Cheng,02 - Confirm Need,2026-09-02,0.0,True,FY2027Q3
006PC00000OJaGZYA1,smartex Renewal - September 2026- Auto Renewal  ON  3,Janet Cheng,02 - Confirm Need,2026-09-04,0.0,True,FY2027Q3
006PC00000ai6d5YAA,Banyan Imports Renewal - omtech - July 2026-  Auto Renewal  ON,Janet Cheng,02 - Confirm Need,2026-09-06,0.0,True,FY2027Q3
006PC00000ZqNWFYA3,"Shenzhen Hongzuo Network Technology Co., Ltd. Renewal - Monthly- Auto Renewal  ON  6",Janet Cheng,02 - Confirm Need,2026-09-06,0.0,True,FY2027Q3
006PC00000aztdxYAA,Bricom [Referral] | Sweetnight 甜秘密创新科技 | Exp | Ent (+1),Janet Cheng,02 - Confirm Need,2026-09-06,2028.0,False,FY2027Q3
0066R00000tFenoQAC,YCI Supermax Renewal - Monthly- Auto Renewal  ON,Janet Cheng,02 - Confirm Need,2026-09-07,0.0,True,FY2027Q3
006PC00000OOc9bYAD,WeCreat Renewal - wecreat - September 2026- Resell Auto Renewal  ON,Janet Cheng,02 - Confirm Need,2026-09-07,0.0,True,FY2027Q3
006PC00000HLDbnYAH,"Beijing Tiertime Technology Co., Ltd. Renewal - Monthly- Auto Renewal  ON  2",Janet Cheng,02 - Confirm Need,2026-09-08,0.0,True,FY2027Q3
006PC00000ZqWRqYAN,Robooter 上海邦邦机器人 Renewal - Monthly- Auto Renewal  ON,Janet Cheng,02 - Confirm Need,2026-09-09,0.0,True,FY2027Q3
006PC00000MItcjYAD,VARON 迈睿思 Renewal - Monthly- Auto Renewal  ON  2,Janet Cheng,02 - Confirm Need,2026-09-09,0.0,True,FY2027Q3
006PC00000OZjZDYA1,UX168 创颖峻 Renewal - September 2026- Auto Renewal  ON,Janet Cheng,02 - Confirm Need,2026-09-11,0.0,True,FY2027Q3
006PC00000WlM13YAF,深圳市泰克时代科技有限公司 Renewal - kamoviz - September 2026- Resell Auto Renewal  ON,Janet Cheng,02 - Confirm Need,2026-09-11,0.0,True,FY2027Q3
006PC00000LNTyrYAH,Worthfind International Limited. Renewal - Monthly- Auto Renewal  ON  3,Janet Cheng,02 - Confirm Need,2026-09-11,0.0,True,FY2027Q3
006PC00000BpoFyYAJ,GEVI Renewal - Monthly- Auto Renewal  ON  1,Janet Cheng,02 - Confirm Need,2026-09-12,0.0,True,FY2027Q3
006PC00000Td3lRYAR,上海品腾电子商务有限公司（LovelyWholesale） Renewal - Monthly- Auto Renewal  ON  10,Janet Cheng,02 - Confirm Need,2026-09-12,0.0,True,FY2027Q3
0066R00000pCscVQAS,大郎科技创新（肇庆）有限公司 Renewal - Monthly- Auto Renewal  ON,Janet Cheng,02 - Confirm Need,2026-09-13,0.0,True,FY2027Q3
0066R00000tFidaQAC,BikIng Renewal - Monthly- Auto Renewal  ON,Janet Cheng,02 - Confirm Need,2026-09-13,0.0,True,FY2027Q3
006PC00000bIVMeYAO,Siebre | Collectors | NB | Growth (4),Janet Cheng,02 - Confirm Need,2026-09-13,2990.3999999999996,False,FY2027Q3
006PC00000YYducYAD,Partner | Siebre Resell | 纵维立方科技 | Exp | Pro (+1),Janet Cheng,02 - Confirm Need,2026-09-14,966.0,False,FY2027Q3
0066R00000tFijjQAC,Creative Biolabs Renewal - Monthly- Auto Renewal  ON,Janet Cheng,02 - Confirm Need,2026-09-15,0.0,True,FY2027Q3
006PC00000bVTBhYAO,Jackerysupport | CX | Exp | AR(20000),Janet Cheng,02 - Confirm Need,2026-09-18,48000.0,False,FY2027Q3
006PC00000cRyexYAC,景德镇汇芸糖信息科技有限公司 Renewal - torman - September 2026- Resell Auto Renewal  OFF,Janet Cheng,07 - Signed,2026-09-19,0.0,True,FY2027Q3
006PC00000awFYEYA2,Giikin | Exp | Suite Ent (20) #PD27,Janet Cheng,03 - Establish Value,2026-09-21,6084.0,False,FY2027Q3
006PC00000OvMzVYAV,DRINCOSH Renewal - September 2026- Auto Renewal  ON  1,Janet Cheng,02 - Confirm Need,2026-09-21,0.0,True,FY2027Q3
006PC00000XuzdiYAB,DESMAN | CX | NB | Growth (4),Janet Cheng,03 - Establish Value,2026-09-21,4272.0,False,FY2027Q3
006PC00000bpAjEYAU,KingSmith | Exp | Suite Growth (+2),Janet Cheng,02 - Confirm Need,2026-09-21,2136.0,False,FY2027Q3
006PC00000P44LCYAZ,Ecosusi Bagsmart Renewal - ecosusihelp - September 2026-  Auto Renewal  ON,Janet Cheng,02 - Confirm Need,2026-09-25,0.0,True,FY2027Q3
006PC00000afQzVYAU,Partner | JM Resell | 上海赢他科技股份-Arbrest | Exp New ins (1),Janet Cheng,02 - Confirm Need,2026-09-28,966.0,False,FY2027Q3
006PC00000WlLplYAF,青木科技股份有限公司 Renewal - sibionics-support  - September 2026- Resell Auto Renewal  ON,Janet Cheng,02 - Confirm Need,2026-09-30,0.0,True,FY2027Q3
006PC00000aiLIYYA2,"Shandong Huaqing Technology Co., Ltd Renewal - outdoorsupport - October 2026- Resell Auto Renewal  ON",Janet Cheng,02 - Confirm Need,2026-10-01,0.0,True,FY2027Q3
006PC00000cDTxZYAW,StarMerx | CX | Exp (new instance) | Growth(20),Janet Cheng,02 - Confirm Need,2026-10-05,23160.0,False,FY2027Q3
006PC00000PWZijYAH,"China Daheng Group, Inc. Beijing Image Vision Technology Renewal - October 2026- Auto Renewal  ON  3",Janet Cheng,02 - Confirm Need,2026-10-06,0.0,True,FY2027Q3
006PC00000PeYUxYAN,UX168 创颖峻 Renewal - October 2026- Auto Renewal  ON  1,Janet Cheng,02 - Confirm Need,2026-10-08,0.0,True,FY2027Q3
006PC00000PmuHeYAJ,Hesung 深圳市和生创新科技有限公司 Renewal - October 2026- Auto Renewal  ON  3,Janet Cheng,02 - Confirm Need,2026-10-11,0.0,True,FY2027Q3
006PC00000LnU2VYAV,Enerson_深圳市埃诺森科技有限公司 Renewal -  - October 2025-  Auto Renewal  OFF,Janet Cheng,02 - Confirm Need,2026-10-11,0.0,True,FY2027Q3
006PC00000cVgmfYAC,Partner | JM Resell | SAJ 三晶电气 | Planshift,Janet Cheng,02 - Confirm Need,2026-10-12,49140.0,False,FY2027Q3
006PC00000aiq4bYAA,Siebre Resell | Mammotion 深圳库犸科技 | NB | Suite Ent (50),Janet Cheng,02 - Confirm Need,2026-10-19,70980.0,False,FY2027Q3
006PC00000c53AgYAI,Robotime | NB| Suite growth(7),Janet Cheng,02 - Confirm Need,2026-10-26,7476.0,False,FY2027Q3
006PC00000QSbthYAD,WOAN TECHNOLOGY LIMITED Renewal - switchbot - October 2026-  Auto Renewal  ON,Janet Cheng,05 - Secure Commitment,2026-10-28,0.0,True,FY2027Q3
006PC00000ceS6nYAE,ELEGOO 智能派 | NB | Suit Growth(20),Janet Cheng,02 - Confirm Need,2026-10-30,21360.0,False,FY2027Q3
006PC00000bBqqoYAC,iniu | EXP | Copilot,Janet Cheng,02 - Confirm Need,2026-10-31,3600.0,False,FY2027Q3
006PC00000YAKbNYAX,Narwal Trading | EXP | Copilot,Janet Cheng,02 - Confirm Need,2026-10-31,13200.000025009474,False,FY2027Q3
